10270,"[[""customers"", [[""need"", -0.19642857142857142, -1]]]]"
10245,"[[""Shopping"", [[""Happy"", 0.5625, 2]]]]"
10315,"[[""promo"", [[""great"", 0.26785714285714285, 1]]], [""Indian sale"", [[""great"", 0.26785714285714285, 1]]]]"
10383,"[[""chat"", [[""feel"", 0.08088235294117647, 1]]], [""follow ups"", [[""further"", 0.056818181818181816, 1]]]]"
10320,"[[""deals"", [[""exciting"", 0.1875, 1]]], [""priceare"", [[""lesser"", -0.25, -1], [""exciting"", 0.1875, 1]]]]"
10392,"[[""cities"", [[""limited"", -0.18181818181818182, -1], [""major"", 0.11538461538461539, 1]]]]"
10440,"[[""seller"", [[""most"", 0.0, 0]]], [""Seller Support"", [[""direct"", 0.046875, 1]]], [""associates"", [[""direct"", 0.046875, 1], [""Support"", 0.05113636363636364, 1]]]]"
10321,"[[""on sellers"", [[""trust"", 0.22916666666666666, 1]]], [""sellers"", [[""trust"", 0.22916666666666666, 1]]]]"
10292,[]
10109,"[[""Hi"", [[""matter"", 0.08928571428571429, 1]]]]"
10352,[]
10210,"[[""product"", [[""genuine"", 0.32966666666666666, 1]]]]"
10334,"[[""number"", [[""huge"", -0.125, -1]]], [""reviews"", [[""genuine"", 0.32966666666666666, 1]]]]"
10144,"[[""part"", [[""best"", 0.5009767441860465, 2]]], [""import duties"", [[""perfect"", 0.4, 1]]], [""Amazon"", [[""honest"", 0.44642857142857145, 1]]], [""option"", [[""best"", 0.5009767441860465, 2]]], [""policies"", [[""perfect"", 0.4, 1]]], [""return policies"", [[""perfect"", 0.4, 1]]], [""duties"", [[""perfect"", 0.4, 1]]]]"
10191,"[[""service"", [[""prime"", 0.15625, 1]]], [""delivery service"", [[""prime"", 0.15625, 1]]], [""network"", [[""excellent"", 1.0, 2]]]]"
10375,[]
10377,"[[""payment"", [[""split"", 0.006944444444444444, 1]]]]"
10382,[]
10101,[]
10273,"[[""checkout time"", [[""possible"", 0.3125, 1]]], [""time"", [[""possible"", 0.3125, 1]]], [""debit"", [[""want"", 0.0, 0]]], [""products"", [[""lose"", 0.22727272727272727, 1]]]]"
10308,"[[""options"", [[""above"", 0.0, 0]]]]"
10248,"[[""discounts"", [[""special"", 0.05, 1]]], [""Indian sale"", [[""great"", 0.26785714285714285, 1]]], [""sale"", [[""great"", 0.26785714285714285, 1]]]]"
10268,[]
10285,[]
10040,[]
10131,"[[""interviewer"", [[""know"", -0.17708333333333334, -1]]], [""technology"", [[""know"", -0.17708333333333334, -1]]]]"
10147,"[[""money"", [[""complete"", 0.3, 1]]]]"
10208,[]
10079,"[[""deals"", [[""best"", 0.5009767441860465, 2]]]]"
10152,[]
10442,[]
10039,"[[""Working"", [[""know"", 0.17708333333333334, 1]]], [""customers"", [[""know"", 0.17708333333333334, 1]]]]"
10145,[]
10413,"[[""product"", [[""looking"", 0.057692307692307696, 1]]]]"
10003,[]
10217,[]
10107,[]
10288,"[[""Amazon customer"", [[""loyal"", 0.375, 1]]]]"
10167,"[[""day- approx"", [[""Full"", 0.028846153846153848, 1]]]]"
10349,[]
10391,[]
10192,"[[""ship"", [[""Prime"", 0.15625, 1], [""easy"", 0.2833333333333333, 1]]]]"
10223,[]
10365,[]
10219,[]
10045,"[[""price"", [[""low"", -0.25, -1]]]]"
10165,"[[""delivery"", [[""like"", 0.2840909090909091, 1]]], [""basis"", [[""like"", 0.2840909090909091, 1]]], [""company"", [[""like"", 0.2840909090909091, 1]]], [""logistics company"", [[""like"", 0.2840909090909091, 1]]], [""contract basis"", [[""like"", 0.2840909090909091, 1]]]]"
10112,[]
10190,"[[""ship -In"", [[""Easy"", 0.2833333333333333, 1]]], [""Amazon"", [[""ready"", 0.0625, 1]]], [""ratings"", [[""negative"", -0.5, -2], [""important"", 0.375, 1]]], [""parcel"", [[""ready"", 0.0625, 1]]], [""seller"", [[""important"", 0.375, 1]]]]"
10120,"[[""candidates"", [[""right"", 0.19444444444444445, 1]]]]"
10419,[]
10065,"[[""Rainbow 46"", [[""CLOUD"", -0.13392857142857142, -1]]], [""Dashmesh 46"", [[""CLOUD"", -0.13392857142857142, -1]]], [""WORLD"", [[""CLOUD"", -0.13392857142857142, -1]]], [""4266 46"", [[""CLOUD"", -0.13392857142857142, -1]]], [""Buy 46"", [[""CLOUD"", -0.13392857142857142, -1]]], [""3585 46"", [[""CLOUD"", -0.13392857142857142, -1]]], [""3262 46"", [[""CLOUD"", -0.13392857142857142, -1]]], [""Movies 46"", [[""CLOUD"", -0.13392857142857142, -1]]], [""3006 46"", [[""CLOUD"", -0.13392857142857142, -1]]], [""Smart 46"", [[""CLOUD"", -0.13392857142857142, -1]]], [""2928 46"", [[""CLOUD"", -0.13392857142857142, -1]]], [""STUDIO"", [[""CLOUD"", -0.13392857142857142, -1]]], [""4692 46"", [[""CLOUD"", -0.13392857142857142, -1]]], [""ENTERPRISES 46"", [[""CLOUD"", -0.13392857142857142, -1]]], [""Ezeekart 46"", [[""CLOUD"", -0.13392857142857142, -1]]], [""Books 46"", [[""CLOUD"", -0.13392857142857142, -1]]], [""My 46"", [[""CLOUD"", -0.13392857142857142, -1]]], [""4986 46"", [[""CLOUD"", -0.13392857142857142, -1]]], [""Shopping 46"", [[""CLOUD"", -0.13392857142857142, -1]]], [""3442 46"", [[""CLOUD"", -0.13392857142857142, -1]]], [""Silcare 46"", [[""CLOUD"", -0.13392857142857142, -1]]], [""Mart 46"", [[""CLOUD"", -0.13392857142857142, -1]]], [""3080 46"", [[""CLOUD"", -0.13392857142857142, -1]]], [""3410 46"", [[""CLOUD"", -0.13392857142857142, -1]]], [""ENTERPRISES"", [[""OKAY"", 0.28125, 1]]], [""Retail 46"", [[""CLOUD"", -0.13392857142857142, -1]]], [""3146 46"", [[""CLOUD"", -0.13392857142857142, -1]]], [""Khel 46"", [[""CLOUD"", -0.13392857142857142, -1]]], [""BOOKWIN 46"", [[""CLOUD"", -0.13392857142857142, -1]]], [""46"", [[""OKAY"", 0.28125, 1], [""CLOUD"", -0.13392857142857142, -1]]], [""Kood 46"", [[""CLOUD"", -0.13392857142857142, -1]]], [""Buy Movies"", [[""Smart"", 0.3055555555555556, 1]]], [""GoTo 46"", [[""CLOUD"", -0.13392857142857142, -1]]], [""Techno 46"", [[""CLOUD"", -0.13392857142857142, -1]]], [""India 46"", [[""CLOUD"", -0.13392857142857142, -1]]]]"
10346,[]
10444,"[[""Amazon associate"", [[""direct"", 0.046875, 1]]], [""experience"", [[""bad"", -0.625, -2]]], [""associate"", [[""direct"", 0.046875, 1]]]]"
10056,[]
10434,"[[""aspiration"", [[""massive"", 0.0, 0]]], [""customers"", [[""possible"", 0.3125, 1]]]]"
10353,[]
10201,"[[""badge"", [[""qualify"", 0.16071428571428573, 1]]], [""products"", [[""qualify"", 0.16071428571428573, 1]]], [""sellers"", [[""reliable"", 0.5, 2]]]]"
10078,"[[""price"", [[""best"", 0.5009767441860465, 2]]], [""offers"", [[""need"", -0.19642857142857142, -1]]]]"
10178,[]
10374,"[[""product ??"", [[""misleading"", -0.6666666666666666, -2]]], [""positive review/rating"", [[""false"", -0.5227272727272727, -2]]], [""??"", [[""bogus"", -0.75, -2], [""misleading"", -0.6666666666666666, -2]]], [""review/rating"", [[""positive"", 0.2692307692307692, 1]]], [""product"", [[""bogus"", -0.75, -2]]]]"
10428,"[[""appetite"", [[""risk"", -0.20833333333333334, -1]]]]"
10408,"[[""people"", [[""cheat"", 0.0, 0]]]]"
10225,[]
10289,"[[""Shipping"", [[""FREE"", -0.16477272727272727, -1], [""Prime"", 0.15625, 1]]], [""Students Shipping"", [[""Prime"", 0.15625, 1]]], [""for Students"", [[""Prime"", 0.15625, 1]]], [""+ Shipping"", [[""Prime"", 0.15625, 1]]], [""of Amazon"", [[""Trial"", -0.041666666666666664, -1]]]]"
10325,[]
10291,[]
10316,"[[""Deals OffersCashbacks"", [[""Best"", 0.5009767441860465, 2]]], [""Saving"", [[""Happy"", 0.5625, 2]]], [""Indian sale"", [[""great"", 0.26785714285714285, 1]]], [""shopping"", [[""Happy"", 0.5625, 2]]], [""click"", [[""great"", 0.26785714285714285, 1]]], [""OffersCashbacks shopping"", [[""Happy"", 0.5625, 2]]]]"
10137,[]
10024,"[[""site"", [[""favorite"", 0.175, 1]]]]"
10231,[]
10144,"[[""option"", [[""best"", 0.5009767441860465, 2]]], [""part"", [[""best"", 0.5009767441860465, 2]]], [""Amazon"", [[""honest"", 0.44642857142857145, 1]]], [""return policies"", [[""perfect"", 0.4, 1]]], [""policies"", [[""perfect"", 0.4, 1]]], [""duties"", [[""perfect"", 0.4, 1]]], [""import duties"", [[""perfect"", 0.4, 1]]]]"
10244,"[[""i"", [[""Hope"", 0.19444444444444445, 1], [""able"", 0.15625, 1]]], [""Hope i"", [[""able"", 0.15625, 1]]]]"
10064,"[[""MARKETING"", [[""ROCKY"", -0.4375, -1]]], [""7790"", [[""ROCKY"", -0.4375, -1]]], [""DEALS"", [[""SUPER"", 0.175, 1]]], [""Buy"", [[""Amazing"", 0.375, 1]]]]"
10218,"[[""activities"", [[""fraudulent"", -0.625, -2]]]]"
10092,[]
10213,"[[""in transit"", [[""damage"", -0.3392857142857143, -1]]], [""transit"", [[""worry"", 0.203125, 1]]]]"
10040,[]
10059,[]
10208,[]
10070,"[[""profile"", [[""consider"", 0.18055555555555555, 1]]]]"
10031,"[[""offers"", [[""great"", 0.26785714285714285, 1]]], [""deals"", [[""great"", 0.26785714285714285, 1]]]]"
10412,"[[""charges"", [[""avoid"", -0.1, -1]]], [""work"", [[""real"", 0.07692307692307693, 1]]], [""list"", [[""lying"", -0.046875, -1], [""wish"", 0.1125, 1]]], [""time"", [[""long"", -0.15625, -1], [""lying"", -0.046875, -1]]]]"
10042,[]
10170,"[[""effort"", [[""best"", 0.5009767441860465, 2]]], [""service"", [[""bad"", -0.625, -2]]]]"
10121,"[[""of view"", [[""point"", 0.04375, 1]]]]"
10229,"[[""payments"", [[""try"", 0.075, 1]]]]"
10108,[]
10376,[]
10314,"[[""Health"", [[""Beauty"", 0.4166666666666667, 1]]]]"
10306,"[[""rate"", [[""cheap"", -0.4375, -1]]]]"
10139,"[[""colleges"", [[""lesser"", -0.25, -1]]], [""package"", [[""lesser"", -0.25, -1]]]]"
10439,"[[""tools"", [[""limited"", -0.18181818181818182, -1]]], [""Support Amazon"", [[""direct"", 0.046875, 1]]], [""sellers"", [[""basic"", 0.0625, 1]]], [""Associates"", [[""Support"", 0.05113636363636364, 1]]], [""Amazon"", [[""direct"", 0.046875, 1]]], [""Outsourced Amazon"", [[""direct"", 0.046875, 1]]], [""Associates Amazon"", [[""direct"", 0.046875, 1], [""Support"", 0.05113636363636364, 1]]], [""Seller Amazon"", [[""direct"", 0.046875, 1]]]]"
10358,"[[""marketing"", [[""sense"", 0.1388888888888889, 1]]], [""money"", [[""huge"", -0.125, -1]]]]"
10357,"[[""products"", [[""best"", 0.5009767441860465, 2]]]]"
10023,"[[""OFF I"", [[""believe"", 0.125, 1]]], [""I"", [[""believe"", 0.125, 1]]], [""Promo I"", [[""believe"", 0.125, 1]]], [""Shipping Coupon"", [[""FREE"", -0.16477272727272727, -1]]], [""December I"", [[""believe"", 0.125, 1]]], [""Codes I"", [[""believe"", 0.125, 1]]]]"
10084,[]
10361,"[[""date"", [[""miss"", -0.08333333333333333, -1]]]]"
10122,[]
10136,"[[""Amazon products"", [[""genuine"", 0.32966666666666666, 1]]], [""products"", [[""eligible"", 0.5, 2], [""prime"", 0.15625, 1], [""genuine"", 0.32966666666666666, 1]]], [""eligible products"", [[""prime"", 0.15625, 1], [""genuine"", 0.32966666666666666, 1]]]]"
10068,[]
10036,[]
10212,"[[""case"", [[""want"", 0.0, 0]]]]"
10403,[]
10350,"[[""amount"", [[""low"", -0.25, -1]]], [""trial"", [[""free"", -0.16477272727272727, -1]]]]"
10344,"[[""on Amazon"", [[""View"", -0.10576923076923077, -1]]], [""deals"", [[""best"", 0.5009767441860465, 2]]], [""Amazon"", [[""View"", -0.10576923076923077, -1]]]]"
10055,"[[""Amazon US"", [[""sure"", 0.2694, 1]]]]"
10388,"[[""products"", [[""genuine"", 0.32966666666666666, 1]]]]"
10034,"[[""deliveries"", [[""honest"", 0.44642857142857145, 1], [""good"", 0.5694444444444444, 2]]], [""ATS deliveries"", [[""honest"", 0.44642857142857145, 1], [""good"", 0.5694444444444444, 2]]], [""overall"", [[""good"", 0.5694444444444444, 2]]]]"
10144,"[[""part"", [[""best"", 0.5009767441860465, 2]]], [""Amazon"", [[""honest"", 0.44642857142857145, 1]]], [""option"", [[""best"", 0.5009767441860465, 2]]], [""import duties"", [[""perfect"", 0.4, 1]]], [""return policies"", [[""perfect"", 0.4, 1]]], [""policies"", [[""perfect"", 0.4, 1]]], [""duties"", [[""perfect"", 0.4, 1]]]]"
10195,"[[""service"", [[""fast"", -0.1, -1]]]]"
10133,[]
10234,"[[""Center"", [[""Fulfillment"", 0.25, 1]]]]"
10424,"[[""help"", [[""much"", 0.16071428571428573, 1]]], [""suggestion"", [[""help"", -0.07291666666666667, -1]]]]"
10401,"[[""chances"", [[""least"", 0.0, 0]]]]"
10342,"[[""quality fish"", [[""low"", -0.25, -1]]], [""market"", [[""low"", -0.25, -1]]], [""supermarket"", [[""high"", 0.09027777777777778, 1]]], [""quality supermarket"", [[""high"", 0.09027777777777778, 1]]]]"
10180,[]
10058,[]
10297,[]
10173,[]
10030,"[[""customers"", [[""care"", 0.17045454545454544, 1]]]]"
10203,[]
10187,[]
10216,"[[""Management Services"", [[""Risk"", -0.20833333333333334, -1]]]]"
10126,"[[""award"", [[""achievement"", 0.0, 0]]], ["":-RRB-"", [[""Consider"", 0.18055555555555555, 1]]], [""job"", [[""tremendous"", 0.2916666666666667, 1]]]]"
10325,[]
10402,"[[""first try"", [[""Better"", 0.54334, 2]]]]"
10191,"[[""service"", [[""prime"", 0.15625, 1]]], [""network"", [[""excellent"", 1.0, 2]]], [""delivery service"", [[""prime"", 0.15625, 1]]]]"
10176,[]
10440,"[[""seller"", [[""most"", 0.0, 0]]], [""associates"", [[""direct"", 0.046875, 1], [""Support"", 0.05113636363636364, 1]]], [""Seller Support"", [[""direct"", 0.046875, 1]]]]"
10241,[]
10388,"[[""products"", [[""genuine"", 0.32966666666666666, 1]]]]"
10378,[]
10210,"[[""product"", [[""genuine"", 0.32966666666666666, 1]]]]"
10304,[]
10421,"[[""thing"", [[""most"", 0.0, 0], [""top"", -0.017045454545454544, -1]]], [""customer satisfaction"", [[""mind"", 0.16346153846153846, 1]]]]"
10088,"[[""seller"", [[""help"", 0.07291666666666667, 1]]]]"
10404,[]
10322,"[[""flipkart"", [[""trust"", 0.22916666666666666, 1]]]]"
10106,"[[""deal"", [[""best"", 0.5009767441860465, 2]]], [""at amazon"", [[""deal"", 0.0, 0]]], [""Savings"", [[""Great"", 0.26785714285714285, 1]]]]"
10035,[]
10429,[]
10245,"[[""Shopping"", [[""Happy"", 0.5625, 2]]]]"
10078,"[[""offers"", [[""need"", -0.19642857142857142, -1]]], [""price"", [[""best"", 0.5009767441860465, 2]]]]"
10047,"[[""gifts"", [[""best"", 0.5009767441860465, 2]]], [""price"", [[""redeem"", -0.041666666666666664, -1]]]]"
10267,[]
10111,[]
10065,"[[""3006 46"", [[""CLOUD"", -0.13392857142857142, -1]]], [""My 46"", [[""CLOUD"", -0.13392857142857142, -1]]], [""Khel 46"", [[""CLOUD"", -0.13392857142857142, -1]]], [""3442 46"", [[""CLOUD"", -0.13392857142857142, -1]]], [""Rainbow 46"", [[""CLOUD"", -0.13392857142857142, -1]]], [""GoTo 46"", [[""CLOUD"", -0.13392857142857142, -1]]], [""Shopping 46"", [[""CLOUD"", -0.13392857142857142, -1]]], [""Silcare 46"", [[""CLOUD"", -0.13392857142857142, -1]]], [""ENTERPRISES 46"", [[""CLOUD"", -0.13392857142857142, -1]]], [""Movies 46"", [[""CLOUD"", -0.13392857142857142, -1]]], [""3410 46"", [[""CLOUD"", -0.13392857142857142, -1]]], [""WORLD"", [[""CLOUD"", -0.13392857142857142, -1]]], [""3262 46"", [[""CLOUD"", -0.13392857142857142, -1]]], [""4266 46"", [[""CLOUD"", -0.13392857142857142, -1]]], [""Buy Movies"", [[""Smart"", 0.3055555555555556, 1]]], [""India 46"", [[""CLOUD"", -0.13392857142857142, -1]]], [""Buy 46"", [[""CLOUD"", -0.13392857142857142, -1]]], [""Ezeekart 46"", [[""CLOUD"", -0.13392857142857142, -1]]], [""3585 46"", [[""CLOUD"", -0.13392857142857142, -1]]], [""Mart 46"", [[""CLOUD"", -0.13392857142857142, -1]]], [""3146 46"", [[""CLOUD"", -0.13392857142857142, -1]]], [""46"", [[""CLOUD"", -0.13392857142857142, -1], [""OKAY"", 0.28125, 1]]], [""Techno 46"", [[""CLOUD"", -0.13392857142857142, -1]]], [""BOOKWIN 46"", [[""CLOUD"", -0.13392857142857142, -1]]], [""2928 46"", [[""CLOUD"", -0.13392857142857142, -1]]], [""Kood 46"", [[""CLOUD"", -0.13392857142857142, -1]]], [""4986 46"", [[""CLOUD"", -0.13392857142857142, -1]]], [""Smart 46"", [[""CLOUD"", -0.13392857142857142, -1]]], [""Dashmesh 46"", [[""CLOUD"", -0.13392857142857142, -1]]], [""3080 46"", [[""CLOUD"", -0.13392857142857142, -1]]], [""STUDIO"", [[""CLOUD"", -0.13392857142857142, -1]]], [""ENTERPRISES"", [[""OKAY"", 0.28125, 1]]], [""Retail 46"", [[""CLOUD"", -0.13392857142857142, -1]]], [""4692 46"", [[""CLOUD"", -0.13392857142857142, -1]]], [""Books 46"", [[""CLOUD"", -0.13392857142857142, -1]]]]"
10293,"[[""COD option"", [[""allow"", 0.05, 1]]], [""case"", [[""kind"", 0.46875, 1]]], [""option"", [[""allow"", 0.05, 1]]], [""of case"", [[""kind"", 0.46875, 1]]]]"
10259,[]
10049,[]
10250,"[[""sales offer"", [[""open"", -0.1527777777777778, -1]]], [""offer"", [[""open"", -0.1527777777777778, -1]]], [""May"", [[""open"", -0.1527777777777778, -1]]], [""Amazon offer"", [[""open"", -0.1527777777777778, -1]]], [""website"", [[""open"", -0.1527777777777778, -1]]], [""India offer"", [[""open"", -0.1527777777777778, -1]]]]"
10120,"[[""candidates"", [[""right"", 0.19444444444444445, 1]]]]"
10014,[]
10124,[]
10098,[]
10227,"[[""people"", [[""comfortable"", -0.325, -1]]], [""payments"", [[""comfortable"", -0.325, -1]]]]"
10007,[]
10411,"[[""Crocs 6000"", [[""looking"", 0.057692307692307696, 1]]], [""example"", [[""looking"", 0.057692307692307696, 1]]], [""6000"", [[""looking"", 0.057692307692307696, 1]]], [""shoes 6000"", [[""looking"", 0.057692307692307696, 1]]], [""deal"", [[""good"", 0.5694444444444444, 2]]], [""MRP 6000"", [[""looking"", 0.057692307692307696, 1]]]]"
10068,[]
10146,[]
10045,"[[""price"", [[""low"", -0.25, -1]]]]"
10107,[]
10346,[]
10316,"[[""Saving"", [[""Happy"", 0.5625, 2]]], [""shopping"", [[""Happy"", 0.5625, 2]]], [""Indian sale"", [[""great"", 0.26785714285714285, 1]]], [""OffersCashbacks shopping"", [[""Happy"", 0.5625, 2]]], [""click"", [[""great"", 0.26785714285714285, 1]]], [""Deals OffersCashbacks"", [[""Best"", 0.5009767441860465, 2]]]]"
10164,[]
10430,"[[""Amazon"", [[""trying"", -0.14772727272727273, -1]]]]"
10233,"[[""letter"", [[""resignation"", 0.0, 0]]], [""career move"", [[""healthy"", 0.575, 2]]]]"
10334,"[[""number"", [[""huge"", -0.125, -1]]], [""reviews"", [[""genuine"", 0.32966666666666666, 1]]]]"
10198,[]
10291,[]
10350,"[[""amount"", [[""low"", -0.25, -1]]], [""trial"", [[""free"", -0.16477272727272727, -1]]]]"
10046,[]
10200,"[[""parameters"", [[""stringent"", -0.375, -1]]], [""metrics"", [[""key"", 0.005952380952380952, 1]]], [""product"", [[""key"", 0.005952380952380952, 1]]], [""quality parameters"", [[""stringent"", -0.375, -1]]], [""seller metrics"", [[""key"", 0.005952380952380952, 1]]]]"
10386,"[[""things"", [[""interesting"", 0.375, 1]]]]"
10417,[]
10027,[]
10044,"[[""India"", [[""Needless"", -0.08928571428571429, -1], [""good"", 0.5694444444444444, 2]]], [""Amazon India"", [[""good"", 0.5694444444444444, 2]]]]"
10095,[]
10008,[]
10273,"[[""products"", [[""lose"", 0.22727272727272727, 1]]], [""debit"", [[""want"", 0.0, 0]]], [""checkout time"", [[""possible"", 0.3125, 1]]], [""time"", [[""possible"", 0.3125, 1]]]]"
10274,"[[""deals"", [[""best"", 0.5009767441860465, 2]]]]"
10427,"[[""consumer"", [[""protect"", -0.375, -1]]]]"
10021,"[[""Shipping"", [[""FREE"", -0.16477272727272727, -1]]]]"
10287,[]
10205,"[[""case"", [[""show"", 0.0546875, 1]]], [""Amazon"", [[""genuine"", 0.32966666666666666, 1]]], [""contesting"", [[""Happy"", 0.5625, 2]]]]"
10309,"[[""Amazon"", [[""miss"", 0.08333333333333333, 1]]], [""deals"", [[""miss"", 0.08333333333333333, 1]]]]"
10279,[]
10268,[]
10196,[]
10363,[]
10443,"[[""seller experience"", [[""best"", 0.5009767441860465, 2]]], [""Seller Associates"", [[""unable"", -0.4583333333333333, -1]]], [""Outsourced Associates"", [[""unable"", -0.4583333333333333, -1]]], [""Associates"", [[""Support"", 0.05113636363636364, 1], [""unable"", -0.4583333333333333, -1]]], [""Support Associates"", [[""unable"", -0.4583333333333333, -1]]]]"
10251,"[[""brands"", [[""big"", 0.17647058823529413, 1]]], [""deals"", [[""big"", 0.17647058823529413, 1]]]]"
10239,[]
10366,[]
10082,"[[""order"", [[""successful"", 0.625, 2]]]]"
10001,[]
10033,[]
10099,[]
10073,"[[""First"", [[""hope"", 0.19444444444444445, 1]]]]"
10376,[]
10138,"[[""on products"", [[""guarantee"", 0.07142857142857142, 1]]]]"
10057,"[[""of help"", [[""kind"", 0.46875, 1]]]]"
10223,[]
10002,"[[""campus"", [[""secure"", 0.13636363636363635, 1]]], [""job"", [[""secure"", 0.13636363636363635, 1]]]]"
10097,"[[""seller"", [[""responsibility"", 0.16666666666666666, 1]]], [""responsibility"", [[""direct"", 0.046875, 1]]]]"
10071,"[[""organization"", [[""fit"", 0.2421875, 1]]]]"
10023,"[[""Shipping Coupon"", [[""FREE"", -0.16477272727272727, -1]]], [""I"", [[""believe"", 0.125, 1]]], [""December I"", [[""believe"", 0.125, 1]]], [""Promo I"", [[""believe"", 0.125, 1]]], [""Codes I"", [[""believe"", 0.125, 1]]], [""OFF I"", [[""believe"", 0.125, 1]]]]"
10330,"[[""seller"", [[""mercy"", 0.275, 1]]]]"
10175,"[[""companies"", [[""better"", 0.54334, 2]]]]"
10213,"[[""in transit"", [[""damage"", -0.3392857142857143, -1]]], [""transit"", [[""worry"", 0.203125, 1]]]]"
10115,"[[""Internship"", [[""necessary"", -0.25, -1]]]]"
10100,[]
10190,"[[""parcel"", [[""ready"", 0.0625, 1]]], [""ship -In"", [[""Easy"", 0.2833333333333333, 1]]], [""ratings"", [[""important"", 0.375, 1], [""negative"", -0.5, -2]]], [""Amazon"", [[""ready"", 0.0625, 1]]], [""seller"", [[""important"", 0.375, 1]]]]"
10066,"[[""Profess\u2026"", [[""Passionate"", 0.0, 0]]]]"
10234,"[[""Center"", [[""Fulfillment"", 0.25, 1]]]]"
10046,[]
10108,[]
10013,[]
10101,[]
10185,[]
10276,[]
10405,[]
10093,"[[""services"", [[""fulfillment"", 0.25, 1]]], [""centers"", [[""fulfillment"", 0.25, 1]]], [""A"", [[""fulfillment"", 0.25, 1]]]]"
10147,"[[""money"", [[""complete"", 0.3, 1]]]]"
10153,[]
10207,"[[""May"", [[""Valid"", 0.3125, 1]]], [""th"", [[""Valid"", 0.3125, 1]]]]"
10203,[]
10169,"[[""rating exists"", [[""Bad"", -0.625, -2]]]]"
10432,"[[""penetration"", [[""good"", 0.5694444444444444, 2]]], [""pen"", [[""good"", 0.5694444444444444, 2]]]]"
10213,"[[""in transit"", [[""damage"", -0.3392857142857143, -1]]]]"
10049,[]
10220,"[[""companies"", [[""know"", -0.17708333333333334, -1]]]]"
10443,"[[""Associates"", [[""Support"", 0.05113636363636364, 1]]], [""seller experience"", [[""best"", 0.5009767441860465, 2]]]]"
10182,[]
10144,"[[""return policies"", [[""perfect"", 0.4, 1], [""believe"", 0.125, 1]]], [""Amazon"", [[""honest"", 0.44642857142857145, 1]]], [""policies"", [[""perfect"", 0.4, 1], [""believe"", 0.125, 1]]], [""option"", [[""best"", 0.5009767441860465, 2]]], [""n"", [[""know"", 0.17708333333333334, 1]]], [""part"", [[""best"", 0.5009767441860465, 2]]]]"
10173,[]
10103,[]
10340,"[[""etc"", [[""hard"", -0.23295454545454544, -1]]], [""disk etc"", [[""hard"", -0.23295454545454544, -1]]]]"
10410,[]
10195,"[[""service"", [[""fast"", -0.1, -1]]]]"
10362,"[[""Customer"", [[""happy"", -0.5625, -2]]], [""customer agrees"", [[""impossible"", -0.28125, -1]]], [""wait"", [[""happy"", -0.5625, -2]]]]"
10219,[]
10379,[]
10204,"[[""one"", [[""treasure"", 0.125, 1]]], [""hunt"", [[""treasure"", 0.125, 1]]], [""couple"", [[""Yes"", 0.25, 1]]]]"
10295,"[[""discount coupons"", [[""active"", 0.11764705882352941, 1]]], [""site"", [[""best"", 0.5009767441860465, 2]]]]"
10356,"[[""Fashion"", [[""worth"", 0.2, 1]]], [""buying"", [[""worth"", 0.2, 1]]]]"
10378,[]
10176,[]
10081,[]
10124,[]
10438,"[[""layers"", [[""support"", 0.05113636363636364, 1]]]]"
10067,"[[""Bazar"", [[""Beauty"", 0.4166666666666667, 1]]], [""Services"", [[""Prompt"", 0.03125, 1]]]]"
10162,[]
10179,[]
10077,"[[""supplier"", [[""right"", 0.19444444444444445, 1]]]]"
10018,[]
10083,[]
10355,[]
10399,"[[""Delivery"", [[""Most"", 0.0, 0]]], [""area Delivery"", [[""Most"", 0.0, 0]]]]"
10152,[]
10061,[]
10051,[]
10112,[]
10429,[]
10154,[]
10404,[]
10271,"[[""contest"", [[""eligible"", 0.5, 2]]], [""question"", [[""simple"", 0.0, 0]]]]"
10365,[]
10369,"[[""Cormen"", [[""mean"", 0.1875, 1]]], [""book"", [[""mean"", 0.1875, 1]]], [""Thomas Cormen"", [[""mean"", 0.1875, 1]]]]"
10408,"[[""people"", [[""cheat"", 0.0, 0]]]]"
10084,[]
10350,"[[""trial"", [[""free"", -0.16477272727272727, -1]]], [""amount"", [[""low"", -0.25, -1]]]]"
10205,"[[""case"", [[""show"", 0.0546875, 1]]], [""Amazon"", [[""genuine"", 0.32966666666666666, 1]]], [""contesting"", [[""Happy"", 0.5625, 2]]]]"
10086,[]
10377,"[[""payment"", [[""split"", 0.006944444444444444, 1]]]]"
10209,[]
10094,[]
10268,[]
10089,[]
10273,"[[""products"", [[""lose"", 0.22727272727272727, 1]]]]"
10221,"[[""customers"", [[""polite"", 0.4583333333333333, 1]]]]"
10026,"[[""From"", [[""Live"", 0.13157894736842105, 1]]]]"
10400,"[[""things"", [[""interesting"", 0.375, 1]]], [""company"", [[""best"", 0.5009767441860465, 2]]], [""Amazon"", [[""thriving"", 0.25, 1]]], [""e-commerce company"", [[""best"", 0.5009767441860465, 2]]]]"
10308,"[[""options"", [[""above"", 0.0, 0]]]]"
10434,"[[""aspiration"", [[""massive"", 0.0, 0]]], [""reac"", [[""aspiration"", 0.125, 1]]]]"
10188,[]
10087,"[[""Shipment Courier"", [[""Easy"", 0.2833333333333333, 1]]]]"
10291,[]
10116,"[[""companies/startups"", [[""pertinent"", 0.375, 1]]], [""Internship"", [[""need"", -0.19642857142857142, -1]]], [""of Internship"", [[""need"", -0.19642857142857142, -1]]], [""Let"", [[""understand"", 0.1, 1]]]]"
10309,"[[""Amazon"", [[""miss"", 0.08333333333333333, 1]]], [""deals"", [[""miss"", 0.08333333333333333, 1]]]]"
10120,"[[""candidates"", [[""right"", 0.19444444444444445, 1]]]]"
10032,"[[""P"", [[""Most"", 0.0, 0]]], [""code"", [[""easy"", 0.2833333333333333, 1]]], [""Popular Coupons"", [[""Most"", 0.0, 0]]], [""Amazon code"", [[""easy"", 0.2833333333333333, 1]]], [""promo code"", [[""easy"", 0.2833333333333333, 1]]], [""Coupons"", [[""Popular"", 0.0625, 1]]]]"
10433,"[[""courier"", [[""concerned"", 0.175, 1]]]]"
10310,"[[""buys"", [[""Best"", 0.5009767441860465, 2]]], [""Price"", [[""Best"", 0.5009767441860465, 2]]], [""HD Ready"", [[""Vivid"", 0.34375, 1]]], [""Samsung On5"", [[""Pro"", 0.0, 0]]], [""Gold Online"", [[""Pro"", 0.0, 0]]], [""AC"", [[""Split"", -0.006944444444444444, -1]]], [""| Kindle"", [[""FREE"", -0.16477272727272727, -1]]], [""worth INR"", [[""Unlimited"", -0.4166666666666667, -1]]], [""LED TV"", [[""Black"", -0.3125, -1], [""Ready"", 0.0625, 1]]], [""Black LED"", [[""Ready"", 0.0625, 1]]], [""Online"", [[""Gold"", 0.0, 0]]], [""On5"", [[""Pro"", 0.0, 0]]]]"
10001,[]
10027,[]
10260,[]
10110,[]
10040,[]
10085,[]
10245,"[[""Shopping"", [[""Happy"", 0.5625, 2]]]]"
10218,"[[""activities"", [[""fraudulent"", -0.625, -2]]]]"
10011,[]
10098,[]
10422,[]
10289,"[[""Shipping"", [[""FREE"", -0.16477272727272727, -1]]], [""for Students"", [[""Prime"", 0.15625, 1]]], [""of Amazon"", [[""Trial"", -0.041666666666666664, -1]]], [""Am"", [[""like"", 0.2840909090909091, 1]]]]"
10156,[]
10284,[]
10374,"[[""product"", [[""bogus"", -0.75, -2]]], [""positive review/rating"", [[""false"", -0.5227272727272727, -2]]], [""product ??"", [[""misleading"", -0.6666666666666666, -2]]], [""??"", [[""bogus"", -0.75, -2], [""misleading"", -0.6666666666666666, -2]]], [""review/rating"", [[""positive"", 0.2692307692307692, 1]]]]"
10342,"[[""supermarket"", [[""high"", 0.09027777777777778, 1]]], [""quality fish"", [[""low"", -0.25, -1]]], [""quality supermarket"", [[""high"", 0.09027777777777778, 1]]]]"
10050,[]
10430,"[[""Amazon"", [[""trying"", -0.14772727272727273, -1]]]]"
10100,[]
10157,"[[""Amazon"", [[""cheat"", 0.0, 0]]], [""people"", [[""cheat"", 0.0, 0]]]]"
10414,"[[""product"", [[""dummy"", 0.0625, 1]]], [""pricing"", [[""wrong"", -0.625, -2]]]]"
10114,[]
10146,[]
10266,[]
10293,"[[""option"", [[""allow"", 0.05, 1]]], [""case"", [[""kind"", 0.46875, 1]]], [""COD option"", [[""allow"", 0.05, 1]]], [""of case"", [[""kind"", 0.46875, 1]]]]"
10247,"[[""tags"", [[""Prime"", 0.15625, 1]]]]"
10206,[]
10072,[]
10270,"[[""customers"", [[""need"", -0.19642857142857142, -1]]]]"
10431,[]
10211,"[[""India"", [[""valid"", -0.3125, -1]]]]"
10339,"[[""choice inventory"", [[""Low"", -0.25, -1]]]]"
10132,"[[""matter"", [[""problem"", -0.2916666666666667, -1]]], [""end"", [[""matter"", -0.08928571428571429, -1]]]]"
10277,[]
10028,[]
10127,"[[""hire"", [[""full"", 0.028846153846153848, 1]]], [""time hire"", [[""full"", 0.028846153846153848, 1]]]]"
10363,[]
10167,"[[""day- approx"", [[""Full"", 0.028846153846153848, 1]]]]"
10233,"[[""career move"", [[""healthy"", 0.575, 2]]], [""letter"", [[""resignation"", 0.0, 0]]]]"
10324,"[[""goods"", [[""worth"", 0.2, 1]]]]"
10106,"[[""at amazon"", [[""deal"", 0.0, 0]]], [""Savings"", [[""Great"", 0.26785714285714285, 1]]], [""deal"", [[""best"", 0.5009767441860465, 2]]]]"
10105,[]
10358,"[[""marketing"", [[""sense"", 0.1388888888888889, 1]]], [""money"", [[""huge"", -0.125, -1]]]]"
10030,"[[""customers"", [[""care"", 0.17045454545454544, 1]]]]"
10283,"[[""buyer"", [[""intent"", 0.08333333333333333, 1]]], [""of buyer"", [[""intent"", 0.08333333333333333, 1]]]]"
10351,"[[""indian sales"", [[""great"", 0.26785714285714285, 1]]]]"
10406,"[[""chances"", [[""least"", 0.0, 0]]]]"
10279,[]
10149,[]
10178,[]
10048,"[[""Amazon coupons"", [[""active"", 0.11764705882352941, 1]]], [""Amazon"", [[""active"", 0.11764705882352941, 1]]], [""site"", [[""prefer"", 0.3125, 1]]], [""coupons"", [[""active"", 0.11764705882352941, 1]]], [""online shopper"", [[""frequent"", 0.03125, 1]]], [""discount coupons"", [[""active"", 0.11764705882352941, 1]]], [""shopper"", [[""frequent"", 0.03125, 1]]]]"
10254,"[[""brands"", [[""top"", -0.017045454545454544, -1]]], [""deals"", [[""best"", 0.5009767441860465, 2]]], [""mobile brands"", [[""top"", -0.017045454545454544, -1]]], [""member Use"", [[""Prime"", 0.15625, 1]]], [""indian sale"", [[""great"", 0.26785714285714285, 1]]], [""sale"", [[""great"", 0.26785714285714285, 1]]]]"
10393,"[[""membership"", [[""Prime"", 0.15625, 1]]], [""same day"", [[""free"", -0.16477272727272727, -1]]], [""products"", [[""eligible"", 0.5, 2]]]]"
10421,"[[""thing"", [[""most"", 0.0, 0], [""top"", -0.017045454545454544, -1]]], [""customer satisfaction"", [[""mind"", 0.16346153846153846, 1]]]]"
10267,[]
10253,"[[""sale"", [[""great"", 0.26785714285714285, 1]]], [""dont"", [[""miss"", -0.08333333333333333, -1]]], [""indian sale"", [[""great"", 0.26785714285714285, 1]]], [""oppourtunity"", [[""miss"", -0.08333333333333333, -1]]]]"
10396,"[[""things"", [[""interesting"", 0.375, 1]]]]"
10332,[]
10395,"[[""Videos"", [[""Prime"", 0.15625, 1]]]]"
10223,[]
10064,"[[""DEALS"", [[""SUPER"", 0.175, 1]]], [""Buy"", [[""Amazing"", 0.375, 1]]], [""MARKETING"", [[""ROCKY"", -0.4375, -1]]]]"
10250,"[[""May"", [[""open"", -0.1527777777777778, -1]]], [""website"", [[""open"", -0.1527777777777778, -1]]], [""India offer"", [[""open"", -0.1527777777777778, -1]]], [""offer"", [[""open"", -0.1527777777777778, -1]]], [""Amazon offer"", [[""open"", -0.1527777777777778, -1]]], [""sales offer"", [[""open"", -0.1527777777777778, -1]]]]"
10210,"[[""product"", [[""genuine"", 0.32966666666666666, 1]]]]"
10059,[]
10070,[]
10180,[]
10025,"[[""Again"", [[""Back"", 0.049107142857142856, 1]]], [""Deals"", [[""Great"", 0.26785714285714285, 1]]]]"
10397,[]
10019,"[[""discounts"", [[""amazing"", 0.375, 1]]]]"
10409,[]
10243,"[[""card"", [[""throw"", -0.0625, -1]]], [""banks"", [[""like"", 0.2840909090909091, 1]]], [""use"", [[""like"", 0.2840909090909091, 1]]]]"
10017,[]
10411,"[[""shoes 6000"", [[""looking"", 0.057692307692307696, 1]]], [""MRP 6000"", [[""looking"", 0.057692307692307696, 1]]], [""6000"", [[""looking"", 0.057692307692307696, 1]]], [""Crocs 6000"", [[""looking"", 0.057692307692307696, 1]]], [""example"", [[""looking"", 0.057692307692307696, 1]]], [""deal"", [[""good"", 0.5694444444444444, 2]]]]"
10006,[]
10307,[]
10181,[]
10196,[]
10164,[]
10082,"[[""order"", [[""successful"", 0.625, 2]]]]"
10193,"[[""care"", [[""utmost"", -0.125, -1]]]]"
10441,[]
10161,"[[""level"", [[""high"", 0.09027777777777778, 1]]], [""level design"", [[""low"", -0.25, -1]]]]"
10097,"[[""responsibility"", [[""direct"", 0.046875, 1]]]]"
10079,"[[""deals"", [[""best"", 0.5009767441860465, 2]]]]"
10300,[]
10010,"[[""gift coupon"", [[""free"", -0.16477272727272727, -1]]], [""coupon"", [[""free"", -0.16477272727272727, -1]]]]"
10036,[]
10398,"[[""a"", [[""very"", 0.375, 1]]]]"
10068,[]
10297,[]
10331,[]
10314,"[[""Health"", [[""Beauty"", 0.4166666666666667, 1]]]]"
10303,"[[""It\u2019s"", [[""look"", 0.05357142857142857, 1]]], [""price"", [[""affordable"", 0.0, 0]]], [""opportunity"", [[""great"", 0.26785714285714285, 1]]]]"
10140,"[[""packages"", [[""high"", 0.09027777777777778, 1]]], [""placements"", [[""good"", 0.5694444444444444, 2]]]]"
10382,[]
10045,"[[""price"", [[""low"", -0.25, -1]]]]"
10060,"[[""Safina Towers"", [[""Floor"", 0.03125, 1]]]]"
10371,[]
10052,[]
10023,"[[""Shipping Coupon"", [[""FREE"", -0.16477272727272727, -1]]]]"
10216,"[[""Management Services"", [[""Risk"", -0.20833333333333334, -1]]]]"
10165,"[[""delivery"", [[""like"", 0.2840909090909091, 1]]], [""basis"", [[""like"", 0.2840909090909091, 1]]], [""company"", [[""like"", 0.2840909090909091, 1]]], [""logistics company"", [[""like"", 0.2840909090909091, 1]]], [""contract basis"", [[""like"", 0.2840909090909091, 1]]]]"
10384,[]
10150,"[[""Shopping"", [[""Happy"", 0.5625, 2]]], [""answer"", [[""helpful"", 0.25, 1]]]]"
10192,"[[""ship"", [[""easy"", 0.2833333333333333, 1], [""Prime"", 0.15625, 1]]]]"
10334,"[[""number"", [[""huge"", -0.125, -1]]], [""reviews"", [[""genuine"", 0.32966666666666666, 1]]]]"
10252,"[[""prices"", [[""special"", 0.05, 1]]], [""brands"", [[""major"", 0.11538461538461539, 1]]], [""su"", [[""major"", 0.11538461538461539, 1]]], [""Voltas Bajaj"", [[""Prestige"", 0.25, 1]]]]"
10194,[]
10088,"[[""seller"", [[""help"", 0.07291666666666667, 1]]]]"
10418,"[[""customers"", [[""obsess"", 0.0625, 1]]]]"
10287,[]
10214,[]
10381,"[[""customer"", [[""care"", 0.17045454545454544, 1]]], [""Connect customer"", [[""care"", 0.17045454545454544, 1]]], [""Amazon customer"", [[""care"", 0.17045454545454544, 1]]], [""As"", [[""care"", 0.17045454545454544, 1]]]]"
10163,"[[""http://www.pricyfy.com"", [[""consider"", 0.18055555555555555, 1]]], [""deals"", [[""better"", 0.54334, 2]]]]"
10419,[]
10425,[]
10109,"[[""Hi"", [[""matter"", 0.08928571428571429, 1]]]]"
10407,[]
10104,[]
10190,"[[""ship -In"", [[""Easy"", 0.2833333333333333, 1]]], [""ratings"", [[""negative"", -0.5, -2]]]]"
10172,[]
10096,[]
10166,[]
10074,[]
10444,"[[""experience"", [[""bad"", -0.625, -2]]], [""Amazon associate"", [[""direct"", 0.046875, 1]]]]"
10255,"[[""online deals"", [[""best"", 0.5009767441860465, 2]]], [""ju"", [[""great"", 0.26785714285714285, 1]]], [""Amazon"", [[""great"", 0.26785714285714285, 1]]], [""discounts"", [[""original"", 0.14583333333333334, 1]]], [""deals"", [[""best"", 0.5009767441860465, 2]]], [""sale"", [[""great"", 0.26785714285714285, 1]]], [""Indian sale"", [[""great"", 0.26785714285714285, 1]]]]"
10035,[]
10005,"[[""business"", [[""understanding"", 0.1375, 1]]]]"
10095,[]
10122,[]
10321,"[[""on sellers"", [[""trust"", 0.22916666666666666, 1]]], [""sellers"", [[""trust"", 0.22916666666666666, 1]]]]"
10376,[]
10113,"[[""aspects"", [[""Consider"", 0.18055555555555555, 1]]]]"
10288,"[[""Amazon customer"", [[""loyal"", 0.375, 1]]]]"
10022,"[[""coupon site"", [[""favorite"", 0.175, 1]]], [""site"", [[""favorite"", 0.175, 1]]]]"
10352,[]
10317,[]
10071,[]
10090,[]
10272,"[[""sale s"", [[""big"", 0.17647058823529413, 1]]], [""s"", [[""big"", 0.17647058823529413, 1]]]]"
10039,"[[""Working"", [[""know"", 0.17708333333333334, 1]]], [""customers"", [[""know"", 0.17708333333333334, 1]]]]"
10202,"[[""product"", [[""eligible"", 0.5, 2]]], [""checks"", [[""extensive"", 0.125, 1]]]]"
10320,"[[""priceare"", [[""exciting"", 0.1875, 1], [""lesser"", -0.25, -1]]], [""deals"", [[""exciting"", 0.1875, 1]]]]"
10183,[]
10285,[]
10341,[]
10292,[]
10151,[]
10020,[]
10337,[]
10304,[]
10343,"[[""Price"", [[""Best"", 0.5009767441860465, 2]]], [""HD Ready"", [[""Vivid"", 0.34375, 1]]], [""Gold Online"", [[""Pro"", 0.0, 0]]], [""AC"", [[""Split"", -0.006944444444444444, -1]]], [""| Kindle"", [[""FREE"", -0.16477272727272727, -1]]], [""Television Online"", [[""Black"", -0.3125, -1]]], [""worth INR"", [[""Unlimited"", -0.4166666666666667, -1]]], [""LED TV"", [[""Black"", -0.3125, -1], [""Ready"", 0.0625, 1]]], [""HD LED"", [[""Full"", 0.028846153846153848, 1]]], [""items"", [[""Best"", 0.5009767441860465, 2]]], [""Black LED"", [[""Ready"", 0.0625, 1]]], [""Online"", [[""Gold"", 0.0, 0]]]]"
10364,"[[""word"", [[""Imagine"", -0.25, -1]]]]"
10189,[]
10138,"[[""on products"", [[""guarantee"", 0.07142857142857142, 1]]], [""products"", [[""guarantee"", 0.07142857142857142, 1]]]]"
10099,[]
10246,"[[""Centers"", [[""Fulfillment"", 0.25, 1]]]]"
10199,[]
10228,"[[""people"", [[""encourage"", 0.125, 1]]]]"
10281,"[[""way"", [[""best"", 0.5009767441860465, 2]]], [""while"", [[""best"", 0.5009767441860465, 2]]]]"
10159,[]
10415,"[[""of Amazon"", [[""reason"", 0.1527777777777778, 1]]], [""Amazon"", [[""reason"", 0.1527777777777778, 1]]], [""Principles"", [[""reason"", 0.1527777777777778, 1]]]]"
10014,[]
10076,[]
10187,[]
10034,"[[""overall"", [[""good"", 0.5694444444444444, 2]]], [""ATS deliveries"", [[""honest"", 0.44642857142857145, 1], [""good"", 0.5694444444444444, 2]]], [""deliveries"", [[""honest"", 0.44642857142857145, 1], [""good"", 0.5694444444444444, 2]]]]"
10373,[]
10009,"[[""Nothing"", [[""necessary"", 0.25, 1]]]]"
10244,"[[""Hope i"", [[""able"", 0.15625, 1]]], [""i"", [[""Hope"", 0.19444444444444445, 1], [""able"", 0.15625, 1]]]]"
10370,"[[""search"", [[""need"", -0.19642857142857142, -1]]], [""H."", [[""need"", -0.19642857142857142, -1]]], [""Thomas H."", [[""need"", -0.19642857142857142, -1]]]]"
10258,"[[""Amazon Great"", [[""best"", 0.5009767441860465, 2]]], [""membership"", [[""Prime"", 0.15625, 1]]]]"
10248,"[[""sale"", [[""great"", 0.26785714285714285, 1]]], [""discounts"", [[""special"", 0.05, 1]]], [""Indian sale"", [[""great"", 0.26785714285714285, 1]]]]"
10069,[]
10402,"[[""first try"", [[""Better"", 0.54334, 2]]]]"
10230,"[[""run"", [[""long"", -0.15625, -1]]], [""t"", [[""help"", 0.07291666666666667, 1]]]]"
10078,"[[""offers"", [[""need"", -0.19642857142857142, -1]]], [""price"", [[""best"", 0.5009767441860465, 2]]]]"
10111,[]
10134,[]
10294,[]
10242,"[[""card"", [[""master"", 0.125, 1]]]]"
10092,[]
10226,"[[""payments"", [[""safe"", 0.25, 1]]]]"
10126,"[[""job"", [[""tremendous"", 0.2916666666666667, 1]]], [""award"", [[""achievement"", 0.0, 0]]], ["":-RRB-"", [[""Consider"", 0.18055555555555555, 1]]]]"
10232,"[[""terms"", [[""genuine"", 0.32966666666666666, 1], [""good"", 0.5694444444444444, 2]]]]"
10215,[]
10222,"[[""definition"", [[""true"", 0.2916666666666667, 1]]]]"
10274,"[[""deals"", [[""best"", 0.5009767441860465, 2]]]]"
10037,"[[""way"", [[""long"", -0.15625, -1]]]]"
10261,[]
10347,"[[""Amazon Great"", [[""Live"", 0.13157894736842105, 1]]], [""thanks Amazon"", [[""live"", 0.13157894736842105, 1]]], [""India Sale"", [[""Great"", 0.26785714285714285, 1]]]]"
10349,[]
10251,"[[""brands"", [[""big"", 0.17647058823529413, 1]]], [""deals"", [[""big"", 0.17647058823529413, 1]]]]"
10327,"[[""quality"", [[""sure"", 0.2694, 1]]]]"
10177,"[[""question"", [[""Understand"", 0.1, 1]]], [""prep"", [[""Understand"", 0.1, 1]]], [""concepts"", [[""Understand"", 0.1, 1]]]]"
10412,"[[""time"", [[""long"", -0.15625, -1]]], [""list"", [[""wish"", 0.1125, 1]]], [""work"", [[""real"", 0.07692307692307693, 1]]]]"
10346,[]
10073,"[[""First"", [[""hope"", 0.19444444444444445, 1]]]]"
10184,[]
10131,[]
10427,"[[""order"", [[""protect"", -0.375, -1]]], [""consumer"", [[""protect"", -0.375, -1]]]]"
10231,[]
10142,[]
10043,[]
10062,"[[""experience"", [[""great"", 0.26785714285714285, 1]]], [""answer"", [[""Simple"", 0.0, 0]]]]"
10191,"[[""delivery service"", [[""prime"", 0.15625, 1]]], [""network"", [[""excellent"", 1.0, 2]]], [""service"", [[""prime"", 0.15625, 1]]]]"
10328,[]
10171,[]
10305,[]
10235,[]
10130,[]
10354,"[[""payment"", [[""possible"", -0.3125, -1], [""Split"", -0.006944444444444444, -1]]]]"
10275,[]
10058,[]
10143,[]
10367,[]
10372,[]
10091,[]
10265,"[[""deals"", [[""best"", 0.5009767441860465, 2]]]]"
10057,"[[""of help"", [[""kind"", 0.46875, 1]]]]"
10323,[]
10330,"[[""seller"", [[""mercy"", 0.275, 1]]]]"
10286,"[[""sites"", [[""want"", 0.0, 0]]], [""user"", [[""want"", 0.0, 0]]]]"
10125,[]
10117,"[[""amo"", [[""less"", -0.20833333333333334, -1]]], [""amount"", [[""less"", -0.20833333333333334, -1]]]]"
10329,"[[""No"", [[""doubts"", 0.1875, 1]]], [""in mind"", [[""doubts"", 0.1875, 1]]]]"
10238,"[[""Cod"", [[""possible"", -0.3125, -1]]]]"
10389,"[[""range"", [[""wide"", -0.09090909090909091, -1]]], [""products"", [[""wide"", -0.09090909090909091, -1]]], [""house products"", [[""wide"", -0.09090909090909091, -1]]], [""hold products"", [[""wide"", -0.09090909090909091, -1]]]]"
10249,[]
10315,"[[""Indian sale"", [[""great"", 0.26785714285714285, 1]]], [""promo"", [[""great"", 0.26785714285714285, 1]]]]"
10217,[]
10426,[]
10282,"[[""thing"", [[""awesome"", 0.875, 2]]]]"
10420,"[[""Associates"", [[""Care"", 0.17045454545454544, 1]]]]"
10423,"[[""question i"", [[""vague"", -0.3333333333333333, -1]]], [""question"", [[""vague"", -0.3333333333333333, -1]]], [""vague question"", [[""little"", -0.25, -1]]]]"
10004,[]
10366,[]
10361,"[[""date"", [[""miss"", -0.08333333333333333, -1]]]]"
10229,"[[""payments"", [[""try"", 0.075, 1]]]]"
10386,"[[""things"", [[""interesting"", 0.375, 1]]]]"
10123,[]
10227,"[[""people"", [[""comfortable"", -0.325, -1]]], [""payments"", [[""comfortable"", -0.325, -1]]]]"
10174,"[[""option"", [[""Simple"", 0.0, 0]]], [""Delivery Charges"", [[""Low"", -0.25, -1]]], [""Price"", [[""Lesser"", -0.25, -1]]], [""Delivery"", [[""Normal"", -0.125, -1]]], [""Import fee"", [[""Low"", -0.25, -1]]]]"
10136,"[[""Amazon products"", [[""genuine"", 0.32966666666666666, 1]]], [""products"", [[""prime"", 0.15625, 1], [""genuine"", 0.32966666666666666, 1], [""eligible"", 0.5, 2]]], [""eligible products"", [[""prime"", 0.15625, 1], [""genuine"", 0.32966666666666666, 1]]]]"
10348,"[[""Amazon Great"", [[""look"", 0.05357142857142857, 1]]], [""handpicked deals"", [[""best"", 0.5009767441860465, 2]]], [""Electronic"", [[""Best"", 0.5009767441860465, 2]]], [""deals"", [[""best"", 0.5009767441860465, 2]]]]"
10044,"[[""India"", [[""good"", 0.5694444444444444, 2], [""Needless"", -0.08928571428571429, -1]]], [""Amazon India"", [[""good"", 0.5694444444444444, 2]]]]"
10047,"[[""gifts"", [[""best"", 0.5009767441860465, 2]]], [""price"", [[""redeem"", -0.041666666666666664, -1]]]]"
10063,"[[""services"", [[""good"", 0.5694444444444444, 2], [""care"", 0.17045454545454544, 1]]], [""customer services"", [[""good"", 0.5694444444444444, 2]]]]"
10168,"[[""voila"", [[""clear"", 0.2, 1]]]]"
10080,[]
10236,[]
10403,[]
10345,"[[""on Amazon"", [[""View"", -0.10576923076923077, -1]]], [""Amazon"", [[""View"", -0.10576923076923077, -1]]], [""Wired Headphones"", [[""Dynamic"", 0.21875, 1]]], [""Ama"", [[""View"", -0.10576923076923077, -1]]], [""MLL42HN/A"", [[""Pro"", 0.0, 0]]], [""Wireless View"", [[""Portable"", 0.08333333333333333, 1]]], [""View"", [[""pro"", 0.0, 0]]], [""Acer F15"", [[""View"", -0.10576923076923077, -1]]], [""F15"", [[""Aspire"", 0.125, 1], [""View"", -0.10576923076923077, -1]]], [""Iphone"", [[""View"", -0.10576923076923077, -1]]], [""Aspire F15"", [[""View"", -0.10576923076923077, -1]]]]"
10237,[]
10278,[]
10021,"[[""Shipping"", [[""FREE"", -0.16477272727272727, -1]]]]"
10133,[]
10325,[]
10417,[]
10042,[]
10424,"[[""suggestion"", [[""help"", -0.07291666666666667, -1]]], [""help"", [[""much"", 0.16071428571428573, 1]]]]"
10041,"[[""and"", [[""learn"", 0.08333333333333333, 1]]], [""Amazon"", [[""learn"", 0.08333333333333333, 1]]], [""company"", [[""learn"", 0.08333333333333333, 1]]]]"
10224,"[[""catch"", [[""encourage"", 0.125, 1]]], [""payment"", [[""encourage"", 0.125, 1]]]]"
10119,"[[""job"", [[""full"", 0.028846153846153848, 1]]], [""time job"", [[""full"", 0.028846153846153848, 1]]]]"
10392,"[[""cities"", [[""major"", 0.11538461538461539, 1], [""limited"", -0.18181818181818182, -1]]]]"
10038,[]
10065,"[[""Buy Movies"", [[""Smart"", 0.3055555555555556, 1]]], [""ENTERPRISES"", [[""OKAY"", 0.28125, 1]]], [""WORLD"", [[""CLOUD"", -0.13392857142857142, -1]]]]"
10137,[]
10316,"[[""Deals OffersCashbacks"", [[""Best"", 0.5009767441860465, 2]]], [""sale"", [[""great"", 0.26785714285714285, 1]]], [""Saving"", [[""Happy"", 0.5625, 2]]], [""shopping"", [[""Happy"", 0.5625, 2]]], [""Indian sale"", [[""great"", 0.26785714285714285, 1]]]]"
10031,"[[""deals"", [[""great"", 0.26785714285714285, 1]]]]"
10353,[]
10141,[]
10239,[]
10368,[]
10148,"[[""product"", [[""like"", -0.2840909090909091, -1]]]]"
10139,"[[""package"", [[""lesser"", -0.25, -1]]], [""o"", [[""lesser"", -0.25, -1]]]]"
10145,[]
10387,[]
10338,"[[""seat"", [[""back"", 0.049107142857142856, 1]]]]"
10319,[]
10336,"[[""fundamentals"", [[""strong"", 0.225, 1]]]]"
10240,[]
10007,[]
10318,"[[""Sale"", [[""Great"", 0.26785714285714285, 1]]], [""customers"", [[""cheat"", 0.0, 0]]]]"
10170,"[[""effort"", [[""best"", 0.5009767441860465, 2]]], [""service"", [[""bad"", -0.625, -2]]]]"
10118,[]
10003,[]
10054,"[[""visitors"", [[""unique"", 0.21875, 1]]], [""search"", [[""quick"", 0.0, 0]]], [""v"", [[""unique"", 0.21875, 1]]], [""comScoreData Amazon"", [[""firm"", -0.20535714285714285, -1]]]]"
10128,[]
10357,"[[""products"", [[""best"", 0.5009767441860465, 2]]]]"
10212,[]
10160,"[[""bad feedback"", [[""continuous"", -0.25, -1]]], [""seller"", [[""particular"", 0.05555555555555555, 1]]], [""feedback"", [[""continuous"", -0.25, -1], [""bad"", -0.625, -2]]]]"
10435,"[[""experience"", [[""good"", 0.5694444444444444, 2]]], [""member"", [[""prime"", 0.15625, 1]]], [""amazon"", [[""prime"", 0.15625, 1]]], [""ex"", [[""good"", 0.5694444444444444, 2]]]]"
10015,[]
10333,"[[""Amazon"", [[""trust"", 0.22916666666666666, 1]]], [""olympia"", [[""trust"", 0.22916666666666666, 1]]]]"
10390,"[[""years"", [[""growing"", 0.0, 0]]], [""cities"", [[""limited"", -0.18181818181818182, -1]]]]"
10313,[]
10263,"[[""products"", [[""popular"", 0.0625, 1]]]]"
10322,"[[""flipkart"", [[""trust"", 0.22916666666666666, 1]]]]"
10115,"[[""Internship"", [[""necessary"", -0.25, -1]]]]"
10186,"[[""order"", [[""ready"", 0.0625, 1]]]]"
10135,[]
10394,[]
10301,"[[""DesiDime"", [[""deal"", 0.0, 0]]], [""Deals"", [[""Best"", 0.5009767441860465, 2]]]]"
10306,"[[""rate"", [[""cheap"", -0.4375, -1]]]]"
10075,"[[""robberies"", [[""grave"", -0.15625, -1]]]]"
10383,"[[""chat"", [[""feel"", 0.08088235294117647, 1]]], [""follow ups"", [[""further"", 0.056818181818181816, 1]]]]"
10326,[]
10298,[]
10197,"[[""delivery"", [[""better"", 0.54334, 2]]], [""FA"", [[""better"", 0.54334, 2]]]]"
10175,[]
10056,[]
10024,"[[""site"", [[""favorite"", 0.175, 1]]]]"
10012,[]
10107,[]
10359,"[[""customer"", [[""irate"", -0.5, -2]]]]"
10428,"[[""appetite"", [[""risk"", -0.20833333333333334, -1]]]]"
10290,[]
10380,"[[""amount"", [[""full"", 0.028846153846153848, 1]]]]"
10241,[]
10442,[]
10269,[]
10312,"[[""offers"", [[""amazing"", 0.375, 1]]], [""deals"", [[""amazing"", 0.375, 1]]]]"
10055,"[[""Amazon US"", [[""sure"", 0.2694, 1]]]]"
10129,[]
10201,"[[""badge"", [[""qualify"", 0.16071428571428573, 1]]], [""sellers"", [[""reliable"", 0.5, 2]]], [""products"", [[""qualify"", 0.16071428571428573, 1]]]]"
10208,[]
10416,[]
10002,"[[""job"", [[""secure"", 0.13636363636363635, 1]]], [""campus"", [[""secure"", 0.13636363636363635, 1]]]]"
10440,"[[""t"", [[""most"", 0.0, 0]]], [""associates"", [[""Support"", 0.05113636363636364, 1], [""direct"", 0.046875, 1]]], [""Seller Support"", [[""direct"", 0.046875, 1]]]]"
10299,"[[""centre"", [[""Fulfillment"", 0.25, 1]]]]"
10335,"[[""quality control"", [[""strict"", -0.35, -1]]], [""("", [[""strict"", -0.35, -1]]], [""control"", [[""strict"", -0.35, -1]]]]"
10256,"[[""cashback"", [[""eligible"", 0.5, 2]]], [""percent cashback"", [[""eligible"", 0.5, 2]]]]"
10437,"[[""Associate"", [[""support"", 0.05113636363636364, 1]]], [""thing"", [[""Well"", 0.35418181818181815, 1]]]]"
10344,"[[""on Amazon"", [[""View"", -0.10576923076923077, -1]]], [""deals"", [[""best"", 0.5009767441860465, 2]]]]"
10360,"[[""nerve"", [[""lost"", -0.3333333333333333, -1]]]]"
10436,"[[""Hunt"", [[""Treasure"", 0.125, 1]]], [""Quantity\u2026"", [[""limited"", -0.18181818181818182, -1]]], [""Quantity"", [[""limited"", -0.18181818181818182, -1]]], [""payment"", [[""complete"", 0.3, 1]]]]"
10280,[]
10262,[]
10375,[]
10121,"[[""of view"", [[""point"", 0.04375, 1]]]]"
10102,[]
10029,"[[""discount"", [[""great"", 0.26785714285714285, 1]]]]"
10302,"[[""Zingoy"", [[""look"", 0.05357142857142857, 1]]], [""at Zingoy"", [[""look"", 0.05357142857142857, 1]]], [""Cashback"", [[""much"", 0.16071428571428573, 1]]]]"
10198,[]
10033,[]
10296,[]
10016,[]
10401,"[[""chances"", [[""least"", 0.0, 0]]]]"
10439,"[[""agents"", [[""direct"", 0.046875, 1]]], [""Associates"", [[""Support"", 0.05113636363636364, 1]]], [""tools"", [[""limited"", -0.18181818181818182, -1]]], [""sellers"", [[""basic"", 0.0625, 1]]], [""Associates Amazon"", [[""Support"", 0.05113636363636364, 1]]]]"
10155,"[[""site"", [[""best"", 0.5009767441860465, 2]]]]"
10225,[]
10053,[]
10385,"[[""Campus Ambassador"", [[""concerned"", 0.175, 1]]], [""person"", [[""concerned"", 0.175, 1]]], [""Ambassador"", [[""concerned"", 0.175, 1]]], [""of recruitment"", [[""care"", 0.17045454545454544, 1]]]]"
10264,"[[""t"", [[""prepared"", 0.10227272727272728, 1]]], [""deals"", [[""miss"", -0.08333333333333333, -1]]]]"
10200,"[[""quality parameters"", [[""stringent"", -0.375, -1]]], [""product"", [[""key"", 0.005952380952380952, 1]]]]"
10158,[]
10257,[]
10008,[]
10391,[]
10311,"[[""sale"", [[""great"", 0.26785714285714285, 1]]], [""indian sale"", [[""great"", 0.26785714285714285, 1]]]]"
10388,"[[""products"", [[""genuine"", 0.32966666666666666, 1]]]]"
10413,[]
10259,[]
